symbol,entry_date,entry_price,exit_date,exit_price,pnl_pct,duration,entry_tag,exit_reason
ADANIENT,2025-12-09,2245.2,2025-12-24,2250.0,0.21,11,Oversold-Decel,ExitReason.ST_CROSS
ADANIENT,2026-01-27,1959.5,2026-02-16,2124.2,8.41,14,Oversold-Decel,ExitReason.PRT_ST_CROSS
ADANIENT,2026-04-08,2043.8,2026-06-05,3048.2,49.14,39,SavgolCTS Universal-Cross,End of Data (Open Trade)
ADANIPORTS,2026-01-12,1443.5,2026-02-19,1550.0,7.38,26,Oversold-Decel,ExitReason.STRUCTURAL_CLIMAX
ADANIPORTS,2026-03-30,1312.6,2026-06-05,1824.2,38.98,44,SavgolCTS Trend-Pullback,End of Data (Open Trade)
APOLLOHOSP,2025-12-17,6921.5,2026-01-13,7299.0,5.45,18,Oversold-Decel,ExitReason.ST_CROSS
ASIANPAINT,2025-12-29,2775.4,2026-03-02,2300.0,-17.13,43,Oversold-Decel,ExitReason.ST_CROSS
ASIANPAINT,2026-03-19,2186.0,2026-04-28,2475.0,13.22,24,SavgolCTS Trend-Pullback-CWCBypass,ExitReason.ST_CROSS
AXISBANK,2026-04-07,1250.1,2026-04-24,1369.0,9.51,12,SavgolCTS Universal-Cross-ReboundBypass,ExitReason.CWC_SLOPE_EARLY_RELEASE
BAJAJ-AUTO,2026-03-30,8781.5,2026-04-24,9600.0,9.32,16,Oversold-Decel,ExitReason.ST_CROSS
BAJFINANCE,2026-01-21,936.25,2026-02-18,1014.55,8.36,19,Oversold-Decel,ExitReason.ST_CROSS
BAJFINANCE,2026-03-25,882.75,2026-04-21,919.5,4.16,15,SavgolCTS Universal-Cross,ExitReason.ST_CROSS
BAJAJFINSV,2026-01-27,1917.7,2026-02-17,2045.0,6.64,15,SavgolCTS Trend-Pullback-CWCBypass,ExitReason.ST_CROSS
BAJAJFINSV,2026-03-30,1631.8,2026-04-24,1792.7,9.86,16,Oversold-Decel,ExitReason.ST_CROSS
BEL,2026-03-27,404.75,2026-06-05,408.2,0.85,45,SavgolCTS CDVL-CTS,End of Data (Open Trade)
BHARTIARTL,2026-03-13,1803.4,2026-04-17,1837.1,1.87,21,SavgolCTS Trend-Pullback,ExitReason.PRT_ST_CROSS
BHARTIARTL,2026-04-30,1886.8,2026-05-05,1828.0,-3.12,2,SavgolCTS Universal-Cross-ReboundBypass,ExitReason.ST_CROSS
CIPLA,2026-04-01,1195.9,2026-05-11,1347.0,12.63,25,Oversold-Decel,ExitReason.PRT_ST_CROSS
DRREDDY,2026-01-23,1235.6,2026-02-09,1260.0,1.97,10,SavgolCTS Universal-Cross-ReboundBypass,ExitReason.ST_CROSS
EICHERMOT,2026-03-30,6586.0,2026-06-02,7069.0,7.33,41,Oversold-Decel,ExitReason.PRT_ST_CROSS
ETERNAL,2026-04-16,252.7,2026-04-27,257.5,1.9,7,SavgolCTS Universal-Cross-ReboundBypass,ExitReason.ST_CROSS
GRASIM,2026-03-20,2616.3,2026-04-21,2772.0,5.95,18,Oversold-Decel,ExitReason.ST_CROSS
HCLTECH,2026-03-10,1361.5,2026-03-18,1326.5,-2.57,6,SavgolCTS Universal-Cross,ExitReason.ST_CROSS
HCLTECH,2026-03-23,1358.6,2026-04-17,1443.3,6.23,15,Oversold-Decel,ExitReason.ST_CROSS
HDFCLIFE,2026-02-03,720.15,2026-03-04,691.4,-3.99,20,Oversold-Decel,ExitReason.ST_CROSS
HINDALCO,2026-03-25,868.65,2026-05-12,1027.2,18.25,29,SavgolCTS CDVL-CTS,ExitReason.STRUCTURAL_CLIMAX
HINDUNILVR,2025-12-22,2289.5,2026-01-12,2362.0,3.17,14,SavgolCTS Trend-Pullback,ExitReason.PRT_ST_CROSS
HINDUNILVR,2026-04-06,2084.8,2026-04-30,2312.0,10.9,17,Oversold-Decel,ExitReason.ST_CROSS
ITC,2025-12-15,402.3,2026-02-13,316.0,-21.45,41,Oversold-Decel,ExitReason.PRT_ST_CROSS
INFY,2026-05-07,1162.7,2026-05-27,1161.0,-0.15,14,Oversold-Decel,ExitReason.PRT_ST_CROSS
INDIGO,2026-01-21,4857.5,2026-02-16,4929.0,1.47,17,Oversold-Decel,ExitReason.PRT_ST_CROSS
JSWSTEEL,2026-04-01,1140.4,2026-05-05,1260.5,10.53,21,Oversold-Decel,ExitReason.ST_CROSS
JIOFIN,2026-03-02,249.0,2026-03-27,236.0,-5.22,17,Oversold-Decel,ExitReason.CTS_NEAR_MISS_ROLLOVER
JIOFIN,2026-04-09,238.84,2026-04-15,242.5,1.53,3,SavgolCTS Universal-Cross-ReboundBypass,ExitReason.CTS_NEAR_MISS_ROLLOVER
JIOFIN,2026-04-28,250.81,2026-05-04,248.0,-1.12,3,SavgolCTS Universal-Cross-ReboundBypass,ExitReason.PRT_ST_CROSS
KOTAKBANK,2026-03-25,371.1,2026-04-23,370.05,-0.28,17,Oversold-Decel,ExitReason.ST_CROSS
KOTAKBANK,2026-05-18,391.8,2026-05-20,376.3,-3.96,2,SavgolCTS Universal-Cross-ReboundBypass,ExitReason.PRT_ST_CROSS
LT,2026-03-24,3516.8,2026-04-27,4058.0,15.39,20,SavgolCTS Flow-Momentum,ExitReason.CWC_SLOPE_EARLY_RELEASE
M&M,2026-03-04,3264.3,2026-04-20,3207.0,-1.76,29,Oversold-Decel,ExitReason.ST_CROSS
MARUTI,2026-01-27,15245.0,2026-02-19,15163.0,-0.54,17,SavgolCTS CDVL-CTS,ExitReason.ST_CROSS
MARUTI,2026-03-04,14158.0,2026-04-17,13300.0,-6.06,28,SavgolCTS Trend-Pullback-CWCBypass,ExitReason.ST_CROSS
MARUTI,2026-05-05,13426.0,2026-05-12,13442.0,0.12,5,SavgolCTS Universal-Cross-ReboundBypass,ExitReason.PRT_ST_CROSS
MAXHEALTH,2025-12-17,1031.1,2026-02-10,1010.5,-2.0,36,Oversold-Decel,ExitReason.PRT_ST_CROSS
NTPC,2025-12-04,322.95,2026-01-14,338.9,4.94,28,Oversold-Decel,ExitReason.ST_CROSS
NESTLEIND,2026-04-01,1180.8,2026-04-15,1235.0,4.59,8,Oversold-Decel,ExitReason.ST_CROSS
ONGC,2025-12-08,238.52,2026-01-09,232.29,-2.61,23,SavgolCTS Trend-Pullback,ExitReason.CTS_NEAR_MISS_ROLLOVER
POWERGRID,2025-12-24,268.05,2026-01-08,264.0,-1.51,10,SavgolCTS Universal-Cross-ReboundBypass,ExitReason.ST_CROSS
RELIANCE,2026-01-30,1395.4,2026-02-16,1420.1,1.77,11,Oversold-Decel,ExitReason.ST_CROSS
RELIANCE,2026-03-04,1345.0,2026-04-28,1358.0,0.97,35,SavgolCTS Trend-Pullback-CWCBypass,ExitReason.CTS_NEAR_MISS_ROLLOVER
SBILIFE,2026-03-20,1896.9,2026-04-23,1865.0,-1.68,20,Oversold-Decel,ExitReason.ST_CROSS
SBIN,2026-05-25,969.6,2026-06-05,977.7,0.84,8,SavgolCTS Trend-Pullback,End of Data (Open Trade)
SUNPHARMA,2026-02-04,1704.4,2026-02-16,1697.5,-0.4,8,SavgolCTS Universal-Cross-ReboundBypass,ExitReason.ST_CROSS
SUNPHARMA,2026-04-27,1733.5,2026-05-26,1830.0,5.57,20,Oversold-Decel,ExitReason.CTS_NEAR_MISS_ROLLOVER
TCS,2026-03-23,2383.8,2026-04-20,2587.1,8.53,16,Oversold-Decel,ExitReason.ST_CROSS
TCS,2026-05-27,2284.2,2026-06-05,2198.9,-3.73,6,Oversold-Decel,End of Data (Open Trade)
TATACONSUM,2026-03-19,1044.6,2026-04-29,1147.7,9.87,25,Oversold-Decel,ExitReason.PRT_ST_CROSS
TMPV,2025-12-18,345.8,2026-01-08,363.3,5.06,14,Oversold-Decel,ExitReason.ST_CROSS
TMPV,2026-03-25,317.95,2026-04-23,359.95,13.21,17,Oversold-Decel,ExitReason.PRT_ST_CROSS
TECHM,2026-03-09,1336.3,2026-04-22,1463.4,9.51,28,SavgolCTS Universal-Cross,ExitReason.CTS_NEAR_MISS_ROLLOVER
TECHM,2026-05-11,1457.4,2026-06-05,1483.5,1.79,18,SavgolCTS SpringBoard,End of Data (Open Trade)
TRENT,2025-12-17,2696.7999999999997,2026-02-18,2781.27,3.13,42,Oversold-Decel,ExitReason.ST_CROSS
TRENT,2026-03-20,2373.0666666666666,2026-05-04,2756.67,16.16,26,Oversold-Decel,ExitReason.ST_CROSS
ULTRACEMCO,2026-03-25,11204.0,2026-04-22,12013.0,7.22,16,Oversold-Decel,ExitReason.ST_CROSS
WIPRO,2026-03-11,202.23,2026-04-21,203.0,0.38,25,Oversold-Decel,ExitReason.ST_CROSS
