DAS,CWC,FAS,BT,Vol,SL,TP,BE,Trades,Win Rate,Avg P&L,Profit Factor,Avg Duration,_avg_pnl_raw
-1.8,0.35,-0.1,0.32,0.0/0.0,-10.0%,None,None,12,91.7%,+7.33%,7.82x,32.8,7.333333333333333
-2.0,0.35,-0.1,0.32,0.0/0.0,-10.0%,None,None,12,91.7%,+7.33%,7.82x,32.8,7.333333333333333
-2.2,0.35,-0.1,0.32,0.0/0.0,-10.0%,None,None,12,91.7%,+7.33%,7.82x,32.8,7.333333333333333
-1.8,0.4,-0.1,0.35,0.0/0.0,-10.0%,None,None,13,84.6%,+6.71%,7.52x,30.7,6.707692307692308
-2.0,0.4,-0.1,0.35,0.0/0.0,-10.0%,None,None,13,84.6%,+6.71%,7.52x,30.7,6.707692307692308
-2.2,0.4,-0.1,0.35,0.0/0.0,-10.0%,None,None,13,84.6%,+6.71%,7.52x,30.7,6.707692307692308
-2.0,0.4,-0.1,0.38,0.0/0.0,-10.0%,None,None,13,84.6%,+6.71%,7.52x,30.7,6.707692307692308
-2.2,0.4,-0.1,0.38,0.0/0.0,-10.0%,None,None,13,84.6%,+6.71%,7.52x,30.7,6.707692307692308
-1.8,0.4,-0.1,0.38,0.0/0.0,-10.0%,None,None,13,84.6%,+6.71%,7.52x,30.7,6.707692307692308
-2.0,0.35,-0.1,0.35,0.0/0.0,-10.0%,None,None,14,85.7%,+6.58%,7.88x,29.7,6.579999999999999
-1.8,0.35,-0.1,0.38,0.0/0.0,-10.0%,None,None,14,85.7%,+6.58%,7.88x,29.7,6.579999999999999
-2.0,0.35,-0.1,0.38,0.0/0.0,-10.0%,None,None,14,85.7%,+6.58%,7.88x,29.7,6.579999999999999
-2.2,0.35,-0.1,0.38,0.0/0.0,-10.0%,None,None,14,85.7%,+6.58%,7.88x,29.7,6.579999999999999
-2.2,0.35,-0.1,0.35,0.0/0.0,-10.0%,None,None,14,85.7%,+6.58%,7.88x,29.7,6.579999999999999
-1.8,0.35,-0.1,0.35,0.0/0.0,-10.0%,None,None,14,85.7%,+6.58%,7.88x,29.7,6.579999999999999
-1.8,0.45,-0.1,0.38,0.0/0.0,-10.0%,None,None,12,83.3%,+6.30%,6.65x,27.9,6.299166666666667
-1.8,0.45,-0.1,0.35,0.0/0.0,-10.0%,None,None,12,83.3%,+6.30%,6.65x,27.9,6.299166666666667
-2.0,0.45,-0.1,0.38,0.0/0.0,-10.0%,None,None,12,83.3%,+6.30%,6.65x,27.9,6.299166666666667
-2.0,0.45,-0.1,0.35,0.0/0.0,-10.0%,None,None,12,83.3%,+6.30%,6.65x,27.9,6.299166666666667
-2.2,0.45,-0.1,0.35,0.0/0.0,-10.0%,None,None,12,83.3%,+6.30%,6.65x,27.9,6.299166666666667
-2.2,0.45,-0.1,0.38,0.0/0.0,-10.0%,None,None,12,83.3%,+6.30%,6.65x,27.9,6.299166666666667
-2.2,0.4,-0.2,0.32,0.0/0.0,-10.0%,None,None,17,88.2%,+6.03%,7.41x,35.6,6.032941176470588
-1.8,0.4,-0.2,0.32,0.0/0.0,-10.0%,None,None,17,88.2%,+6.03%,7.41x,35.6,6.032941176470588
-2.0,0.4,-0.2,0.32,0.0/0.0,-10.0%,None,None,17,88.2%,+6.03%,7.41x,35.6,6.032941176470588
-2.2,0.35,-0.2,0.32,0.0/0.0,-10.0%,None,None,18,88.9%,+5.97%,7.72x,34.6,5.97111111111111
-1.8,0.35,-0.2,0.32,0.0/0.0,-10.0%,None,None,18,88.9%,+5.97%,7.72x,34.6,5.97111111111111
-2.0,0.35,-0.2,0.32,0.0/0.0,-10.0%,None,None,18,88.9%,+5.97%,7.72x,34.6,5.97111111111111
-1.8,0.5,-0.2,0.32,0.0/0.0,-10.0%,None,None,13,84.6%,+5.94%,5.83x,34.1,5.9399999999999995
-2.2,0.5,-0.2,0.32,0.0/0.0,-10.0%,None,None,13,84.6%,+5.94%,5.83x,34.1,5.9399999999999995
-2.0,0.5,-0.2,0.32,0.0/0.0,-10.0%,None,None,13,84.6%,+5.94%,5.83x,34.1,5.9399999999999995
-2.2,0.45,-0.2,0.32,0.0/0.0,-10.0%,None,None,16,87.5%,+5.68%,6.68x,33.8,5.684375
-1.8,0.45,-0.2,0.32,0.0/0.0,-10.0%,None,None,16,87.5%,+5.68%,6.68x,33.8,5.684375
-2.0,0.45,-0.2,0.32,0.0/0.0,-10.0%,None,None,16,87.5%,+5.68%,6.68x,33.8,5.684375
-1.8,0.4,-0.2,0.35,0.0/0.0,-10.0%,None,None,20,80.0%,+5.33%,7.42x,33.5,5.327999999999999
-2.0,0.4,-0.2,0.38,0.0/0.0,-10.0%,None,None,20,80.0%,+5.33%,7.42x,33.5,5.327999999999999
-2.0,0.4,-0.2,0.35,0.0/0.0,-10.0%,None,None,20,80.0%,+5.33%,7.42x,33.5,5.327999999999999
-2.2,0.4,-0.2,0.35,0.0/0.0,-10.0%,None,None,20,80.0%,+5.33%,7.42x,33.5,5.327999999999999
-2.2,0.4,-0.2,0.38,0.0/0.0,-10.0%,None,None,20,80.0%,+5.33%,7.42x,33.5,5.327999999999999
-1.8,0.4,-0.2,0.38,0.0/0.0,-10.0%,None,None,20,80.0%,+5.33%,7.42x,33.5,5.327999999999999
-2.2,0.35,-0.2,0.38,0.0/0.0,-10.0%,None,None,22,81.8%,+5.13%,7.80x,33.1,5.130909090909091
-2.2,0.35,-0.2,0.35,0.0/0.0,-10.0%,None,None,22,81.8%,+5.13%,7.80x,33.1,5.130909090909091
-1.8,0.35,-0.2,0.35,0.0/0.0,-10.0%,None,None,22,81.8%,+5.13%,7.80x,33.1,5.130909090909091
-1.8,0.35,-0.2,0.38,0.0/0.0,-10.0%,None,None,22,81.8%,+5.13%,7.80x,33.1,5.130909090909091
-2.0,0.35,-0.2,0.35,0.0/0.0,-10.0%,None,None,22,81.8%,+5.13%,7.80x,33.1,5.130909090909091
-2.0,0.35,-0.2,0.38,0.0/0.0,-10.0%,None,None,22,81.8%,+5.13%,7.80x,33.1,5.130909090909091
-1.8,0.5,-0.2,0.35,0.0/0.0,-10.0%,None,None,16,75.0%,+5.08%,5.90x,31.8,5.07625
-1.8,0.5,-0.2,0.38,0.0/0.0,-10.0%,None,None,16,75.0%,+5.08%,5.90x,31.8,5.07625
-2.2,0.5,-0.2,0.38,0.0/0.0,-10.0%,None,None,16,75.0%,+5.08%,5.90x,31.8,5.07625
-2.2,0.5,-0.2,0.35,0.0/0.0,-10.0%,None,None,16,75.0%,+5.08%,5.90x,31.8,5.07625
-2.0,0.5,-0.2,0.35,0.0/0.0,-10.0%,None,None,16,75.0%,+5.08%,5.90x,31.8,5.07625
-2.0,0.5,-0.2,0.38,0.0/0.0,-10.0%,None,None,16,75.0%,+5.08%,5.90x,31.8,5.07625
-2.0,0.45,-0.2,0.38,0.0/0.0,-10.0%,None,None,19,78.9%,+5.00%,6.72x,31.9,4.997368421052632
-1.8,0.45,-0.2,0.35,0.0/0.0,-10.0%,None,None,19,78.9%,+5.00%,6.72x,31.9,4.997368421052632
-2.2,0.45,-0.2,0.38,0.0/0.0,-10.0%,None,None,19,78.9%,+5.00%,6.72x,31.9,4.997368421052632
-2.0,0.45,-0.2,0.35,0.0/0.0,-10.0%,None,None,19,78.9%,+5.00%,6.72x,31.9,4.997368421052632
-2.2,0.45,-0.2,0.35,0.0/0.0,-10.0%,None,None,19,78.9%,+5.00%,6.72x,31.9,4.997368421052632
-1.8,0.45,-0.2,0.38,0.0/0.0,-10.0%,None,None,19,78.9%,+5.00%,6.72x,31.9,4.997368421052632
-2.2,0.5,-0.3,0.32,0.0/0.0,-10.0%,None,None,20,80.0%,+4.62%,4.16x,31.6,4.6215
-2.0,0.5,-0.3,0.32,0.0/0.0,-10.0%,None,None,20,80.0%,+4.62%,4.16x,31.6,4.6215
-1.8,0.5,-0.3,0.32,0.0/0.0,-10.0%,None,None,20,80.0%,+4.62%,4.16x,31.6,4.6215
-2.0,0.4,-0.3,0.32,0.0/0.0,-10.0%,None,None,29,79.3%,+4.56%,4.01x,31.9,4.561379310344828
-1.8,0.4,-0.3,0.32,0.0/0.0,-10.0%,None,None,29,79.3%,+4.56%,4.01x,31.9,4.561379310344828
-2.2,0.4,-0.3,0.32,0.0/0.0,-10.0%,None,None,29,79.3%,+4.56%,4.01x,31.9,4.561379310344828
-1.8,0.45,-0.3,0.32,0.0/0.0,-10.0%,None,None,24,79.2%,+4.26%,4.09x,31.8,4.2612499999999995
-2.0,0.45,-0.3,0.32,0.0/0.0,-10.0%,None,None,24,79.2%,+4.26%,4.09x,31.8,4.2612499999999995
-2.2,0.45,-0.3,0.32,0.0/0.0,-10.0%,None,None,24,79.2%,+4.26%,4.09x,31.8,4.2612499999999995
-2.2,0.35,-0.3,0.32,0.0/0.0,-10.0%,None,None,31,77.4%,+3.93%,3.06x,31.0,3.9329032258064514
-2.0,0.35,-0.3,0.32,0.0/0.0,-10.0%,None,None,31,77.4%,+3.93%,3.06x,31.0,3.9329032258064514
-1.8,0.35,-0.3,0.32,0.0/0.0,-10.0%,None,None,31,77.4%,+3.93%,3.06x,31.0,3.9329032258064514
-1.8,0.4,-0.3,0.38,0.0/0.0,-10.0%,None,None,36,75.0%,+3.92%,3.64x,29.6,3.9202777777777778
-2.2,0.4,-0.3,0.38,0.0/0.0,-10.0%,None,None,36,75.0%,+3.92%,3.64x,29.6,3.9202777777777778
-2.0,0.4,-0.3,0.38,0.0/0.0,-10.0%,None,None,36,75.0%,+3.92%,3.64x,29.6,3.9202777777777778
-2.0,0.4,-0.3,0.35,0.0/0.0,-10.0%,None,None,32,71.9%,+3.87%,3.20x,30.5,3.8659374999999994
-2.2,0.4,-0.3,0.35,0.0/0.0,-10.0%,None,None,32,71.9%,+3.87%,3.20x,30.5,3.8659374999999994
-1.8,0.4,-0.3,0.35,0.0/0.0,-10.0%,None,None,32,71.9%,+3.87%,3.20x,30.5,3.8659374999999994
-2.2,0.5,-0.3,0.38,0.0/0.0,-10.0%,None,None,27,74.1%,+3.75%,3.62x,28.5,3.7511111111111113
-2.0,0.5,-0.3,0.38,0.0/0.0,-10.0%,None,None,27,74.1%,+3.75%,3.62x,28.5,3.7511111111111113
-1.8,0.5,-0.3,0.38,0.0/0.0,-10.0%,None,None,27,74.1%,+3.75%,3.62x,28.5,3.7511111111111113
-1.8,0.5,-0.3,0.35,0.0/0.0,-10.0%,None,None,23,69.6%,+3.65%,3.01x,29.7,3.6460869565217386
-2.0,0.5,-0.3,0.35,0.0/0.0,-10.0%,None,None,23,69.6%,+3.65%,3.01x,29.7,3.6460869565217386
-2.2,0.5,-0.3,0.35,0.0/0.0,-10.0%,None,None,23,69.6%,+3.65%,3.01x,29.7,3.6460869565217386
-2.2,0.45,-0.3,0.38,0.0/0.0,-10.0%,None,None,31,74.2%,+3.58%,3.61x,29.1,3.5845161290322576
-2.0,0.45,-0.3,0.38,0.0/0.0,-10.0%,None,None,31,74.2%,+3.58%,3.61x,29.1,3.5845161290322576
-1.8,0.45,-0.3,0.38,0.0/0.0,-10.0%,None,None,31,74.2%,+3.58%,3.61x,29.1,3.5845161290322576
-1.8,0.45,-0.3,0.35,0.0/0.0,-10.0%,None,None,27,70.4%,+3.47%,3.06x,30.1,3.47037037037037
-2.2,0.45,-0.3,0.35,0.0/0.0,-10.0%,None,None,27,70.4%,+3.47%,3.06x,30.1,3.47037037037037
-2.0,0.45,-0.3,0.35,0.0/0.0,-10.0%,None,None,27,70.4%,+3.47%,3.06x,30.1,3.47037037037037
-2.2,0.35,-0.3,0.38,0.0/0.0,-10.0%,None,None,39,74.4%,+3.39%,2.93x,29.2,3.388974358974359
-2.0,0.35,-0.3,0.38,0.0/0.0,-10.0%,None,None,39,74.4%,+3.39%,2.93x,29.2,3.388974358974359
-1.8,0.35,-0.3,0.38,0.0/0.0,-10.0%,None,None,39,74.4%,+3.39%,2.93x,29.2,3.388974358974359
-2.2,0.35,-0.3,0.35,0.0/0.0,-10.0%,None,None,35,71.4%,+3.28%,2.60x,30.1,3.278571428571428
-2.0,0.35,-0.3,0.35,0.0/0.0,-10.0%,None,None,35,71.4%,+3.28%,2.60x,30.1,3.278571428571428
-1.8,0.35,-0.3,0.35,0.0/0.0,-10.0%,None,None,35,71.4%,+3.28%,2.60x,30.1,3.278571428571428
-2.0,0.35,-0.2,0.32,0.0/0.0,-10.0%,+12.0%,+4.0%,18,83.3%,+2.83%,22.24x,26.0,2.832222222222222
-2.2,0.35,-0.2,0.32,0.0/0.0,-10.0%,+12.0%,+4.0%,18,83.3%,+2.83%,22.24x,26.0,2.832222222222222
-1.8,0.35,-0.2,0.32,0.0/0.0,-10.0%,+12.0%,+4.0%,18,83.3%,+2.83%,22.24x,26.0,2.832222222222222
-1.8,0.45,-0.2,0.32,0.0/0.0,-10.0%,+12.0%,+4.0%,16,87.5%,+2.82%,54.13x,25.8,2.8225000000000002
-2.0,0.45,-0.2,0.32,0.0/0.0,-10.0%,+12.0%,+4.0%,16,87.5%,+2.82%,54.13x,25.8,2.8225000000000002
-2.2,0.45,-0.2,0.32,0.0/0.0,-10.0%,+12.0%,+4.0%,16,87.5%,+2.82%,54.13x,25.8,2.8225000000000002
-1.8,0.4,-0.2,0.32,0.0/0.0,-10.0%,+12.0%,+4.0%,17,82.4%,+2.71%,20.19x,26.5,2.7094117647058824
-2.0,0.4,-0.2,0.32,0.0/0.0,-10.0%,+12.0%,+4.0%,17,82.4%,+2.71%,20.19x,26.5,2.7094117647058824
-2.2,0.4,-0.2,0.32,0.0/0.0,-10.0%,+12.0%,+4.0%,17,82.4%,+2.71%,20.19x,26.5,2.7094117647058824
-2.0,0.45,-0.2,0.38,0.0/0.0,-10.0%,+12.0%,+4.0%,19,78.9%,+2.59%,35.14x,25.1,2.5873684210526315
-2.0,0.45,-0.2,0.35,0.0/0.0,-10.0%,+12.0%,+4.0%,19,78.9%,+2.59%,35.14x,25.1,2.5873684210526315
-1.8,0.45,-0.2,0.35,0.0/0.0,-10.0%,+12.0%,+4.0%,19,78.9%,+2.59%,35.14x,25.1,2.5873684210526315
-2.2,0.45,-0.2,0.35,0.0/0.0,-10.0%,+12.0%,+4.0%,19,78.9%,+2.59%,35.14x,25.1,2.5873684210526315
-1.8,0.45,-0.2,0.38,0.0/0.0,-10.0%,+12.0%,+4.0%,19,78.9%,+2.59%,35.14x,25.1,2.5873684210526315
-2.2,0.45,-0.2,0.38,0.0/0.0,-10.0%,+12.0%,+4.0%,19,78.9%,+2.59%,35.14x,25.1,2.5873684210526315
-1.8,0.35,-0.2,0.35,0.0/0.0,-10.0%,+12.0%,+4.0%,22,77.3%,+2.56%,19.86x,26.1,2.5627272727272725
-2.0,0.35,-0.2,0.35,0.0/0.0,-10.0%,+12.0%,+4.0%,22,77.3%,+2.56%,19.86x,26.1,2.5627272727272725
-2.0,0.35,-0.2,0.38,0.0/0.0,-10.0%,+12.0%,+4.0%,22,77.3%,+2.56%,19.86x,26.1,2.5627272727272725
-1.8,0.35,-0.2,0.38,0.0/0.0,-10.0%,+12.0%,+4.0%,22,77.3%,+2.56%,19.86x,26.1,2.5627272727272725
-2.2,0.35,-0.2,0.38,0.0/0.0,-10.0%,+12.0%,+4.0%,22,77.3%,+2.56%,19.86x,26.1,2.5627272727272725
-2.2,0.35,-0.2,0.35,0.0/0.0,-10.0%,+12.0%,+4.0%,22,77.3%,+2.56%,19.86x,26.1,2.5627272727272725
-2.2,0.4,-0.2,0.35,0.0/0.0,-10.0%,+12.0%,+4.0%,20,75.0%,+2.50%,17.74x,25.8,2.503
-2.2,0.4,-0.2,0.38,0.0/0.0,-10.0%,+12.0%,+4.0%,20,75.0%,+2.50%,17.74x,25.8,2.503
-2.0,0.4,-0.2,0.38,0.0/0.0,-10.0%,+12.0%,+4.0%,20,75.0%,+2.50%,17.74x,25.8,2.503
-2.0,0.4,-0.2,0.35,0.0/0.0,-10.0%,+12.0%,+4.0%,20,75.0%,+2.50%,17.74x,25.8,2.503
-1.8,0.4,-0.2,0.35,0.0/0.0,-10.0%,+12.0%,+4.0%,20,75.0%,+2.50%,17.74x,25.8,2.503
-1.8,0.4,-0.2,0.38,0.0/0.0,-10.0%,+12.0%,+4.0%,20,75.0%,+2.50%,17.74x,25.8,2.503
-1.8,0.5,-0.2,0.32,0.0/0.0,-10.0%,+12.0%,+4.0%,13,84.6%,+2.42%,37.98x,24.2,2.4176923076923074
-2.2,0.5,-0.2,0.32,0.0/0.0,-10.0%,+12.0%,+4.0%,13,84.6%,+2.42%,37.98x,24.2,2.4176923076923074
-2.0,0.5,-0.2,0.32,0.0/0.0,-10.0%,+12.0%,+4.0%,13,84.6%,+2.42%,37.98x,24.2,2.4176923076923074
-2.0,0.35,-0.1,0.32,0.0/0.0,-10.0%,+12.0%,+4.0%,12,83.3%,+2.38%,13.88x,22.7,2.3825
-2.2,0.35,-0.1,0.32,0.0/0.0,-10.0%,+12.0%,+4.0%,12,83.3%,+2.38%,13.88x,22.7,2.3825
-1.8,0.35,-0.1,0.32,0.0/0.0,-10.0%,+12.0%,+4.0%,12,83.3%,+2.38%,13.88x,22.7,2.3825
-2.2,0.35,-0.1,0.38,0.0/0.0,-10.0%,+12.0%,+4.0%,14,78.6%,+2.34%,13.16x,21.1,2.336428571428571
-2.0,0.35,-0.1,0.38,0.0/0.0,-10.0%,+12.0%,+4.0%,14,78.6%,+2.34%,13.16x,21.1,2.336428571428571
-1.8,0.35,-0.1,0.35,0.0/0.0,-10.0%,+12.0%,+4.0%,14,78.6%,+2.34%,13.16x,21.1,2.336428571428571
-1.8,0.35,-0.1,0.38,0.0/0.0,-10.0%,+12.0%,+4.0%,14,78.6%,+2.34%,13.16x,21.1,2.336428571428571
-2.0,0.35,-0.1,0.35,0.0/0.0,-10.0%,+12.0%,+4.0%,14,78.6%,+2.34%,13.16x,21.1,2.336428571428571
-2.2,0.35,-0.1,0.35,0.0/0.0,-10.0%,+12.0%,+4.0%,14,78.6%,+2.34%,13.16x,21.1,2.336428571428571
-1.8,0.45,-0.1,0.38,0.0/0.0,-10.0%,+12.0%,+4.0%,12,83.3%,+2.24%,24.59x,19.9,2.2408333333333332
-1.8,0.45,-0.1,0.35,0.0/0.0,-10.0%,+12.0%,+4.0%,12,83.3%,+2.24%,24.59x,19.9,2.2408333333333332
-2.0,0.45,-0.1,0.38,0.0/0.0,-10.0%,+12.0%,+4.0%,12,83.3%,+2.24%,24.59x,19.9,2.2408333333333332
-2.0,0.45,-0.1,0.35,0.0/0.0,-10.0%,+12.0%,+4.0%,12,83.3%,+2.24%,24.59x,19.9,2.2408333333333332
-2.2,0.45,-0.1,0.38,0.0/0.0,-10.0%,+12.0%,+4.0%,12,83.3%,+2.24%,24.59x,19.9,2.2408333333333332
-2.2,0.45,-0.1,0.35,0.0/0.0,-10.0%,+12.0%,+4.0%,12,83.3%,+2.24%,24.59x,19.9,2.2408333333333332
-2.2,0.5,-0.2,0.35,0.0/0.0,-10.0%,+12.0%,+4.0%,16,75.0%,+2.21%,25.60x,23.7,2.214375
-2.2,0.5,-0.2,0.38,0.0/0.0,-10.0%,+12.0%,+4.0%,16,75.0%,+2.21%,25.60x,23.7,2.214375
-1.8,0.5,-0.2,0.35,0.0/0.0,-10.0%,+12.0%,+4.0%,16,75.0%,+2.21%,25.60x,23.7,2.214375
-1.8,0.5,-0.2,0.38,0.0/0.0,-10.0%,+12.0%,+4.0%,16,75.0%,+2.21%,25.60x,23.7,2.214375
-2.0,0.5,-0.2,0.38,0.0/0.0,-10.0%,+12.0%,+4.0%,16,75.0%,+2.21%,25.60x,23.7,2.214375
-2.0,0.5,-0.2,0.35,0.0/0.0,-10.0%,+12.0%,+4.0%,16,75.0%,+2.21%,25.60x,23.7,2.214375
-2.0,0.45,-0.3,0.32,0.0/0.0,-10.0%,+12.0%,+4.0%,24,79.2%,+2.20%,4.36x,25.0,2.1958333333333333
-2.2,0.45,-0.3,0.32,0.0/0.0,-10.0%,+12.0%,+4.0%,24,79.2%,+2.20%,4.36x,25.0,2.1958333333333333
-1.8,0.45,-0.3,0.32,0.0/0.0,-10.0%,+12.0%,+4.0%,24,79.2%,+2.20%,4.36x,25.0,2.1958333333333333
-2.0,0.35,-0.2,0.32,0.0/0.0,-10.0%,+15.0%,+5.0%,18,83.3%,+2.15%,3.65x,26.4,2.1522222222222225
-1.8,0.35,-0.2,0.32,0.0/0.0,-10.0%,+15.0%,+5.0%,18,83.3%,+2.15%,3.65x,26.4,2.1522222222222225
-2.2,0.35,-0.2,0.32,0.0/0.0,-10.0%,+15.0%,+5.0%,18,83.3%,+2.15%,3.65x,26.4,2.1522222222222225
-1.8,0.4,-0.1,0.35,0.0/0.0,-10.0%,+12.0%,+4.0%,13,76.9%,+2.14%,11.33x,21.4,2.1376923076923076
-1.8,0.4,-0.1,0.38,0.0/0.0,-10.0%,+12.0%,+4.0%,13,76.9%,+2.14%,11.33x,21.4,2.1376923076923076
-2.2,0.4,-0.1,0.38,0.0/0.0,-10.0%,+12.0%,+4.0%,13,76.9%,+2.14%,11.33x,21.4,2.1376923076923076
-2.0,0.4,-0.1,0.35,0.0/0.0,-10.0%,+12.0%,+4.0%,13,76.9%,+2.14%,11.33x,21.4,2.1376923076923076
-2.0,0.4,-0.1,0.38,0.0/0.0,-10.0%,+12.0%,+4.0%,13,76.9%,+2.14%,11.33x,21.4,2.1376923076923076
-2.2,0.4,-0.1,0.35,0.0/0.0,-10.0%,+12.0%,+4.0%,13,76.9%,+2.14%,11.33x,21.4,2.1376923076923076
-2.0,0.45,-0.2,0.32,0.0/0.0,-10.0%,+15.0%,+5.0%,16,87.5%,+2.06%,3.51x,26.2,2.0575
-2.2,0.45,-0.2,0.32,0.0/0.0,-10.0%,+15.0%,+5.0%,16,87.5%,+2.06%,3.51x,26.2,2.0575
-1.8,0.45,-0.2,0.32,0.0/0.0,-10.0%,+15.0%,+5.0%,16,87.5%,+2.06%,3.51x,26.2,2.0575
-2.2,0.4,-0.3,0.32,0.0/0.0,-10.0%,+12.0%,+4.0%,29,72.4%,+2.04%,3.10x,24.3,2.035862068965517
-1.8,0.4,-0.3,0.32,0.0/0.0,-10.0%,+12.0%,+4.0%,29,72.4%,+2.04%,3.10x,24.3,2.035862068965517
-2.0,0.4,-0.3,0.32,0.0/0.0,-10.0%,+12.0%,+4.0%,29,72.4%,+2.04%,3.10x,24.3,2.035862068965517
-2.0,0.5,-0.3,0.32,0.0/0.0,-10.0%,+12.0%,+4.0%,20,80.0%,+2.03%,3.88x,24.2,2.028
-2.2,0.5,-0.3,0.32,0.0/0.0,-10.0%,+12.0%,+4.0%,20,80.0%,+2.03%,3.88x,24.2,2.028
-1.8,0.5,-0.3,0.32,0.0/0.0,-10.0%,+12.0%,+4.0%,20,80.0%,+2.03%,3.88x,24.2,2.028
-2.0,0.45,-0.3,0.38,0.0/0.0,-10.0%,+12.0%,+4.0%,31,77.4%,+2.01%,4.82x,22.9,2.0077419354838706
-1.8,0.45,-0.3,0.38,0.0/0.0,-10.0%,+12.0%,+4.0%,31,77.4%,+2.01%,4.82x,22.9,2.0077419354838706
-2.2,0.45,-0.3,0.38,0.0/0.0,-10.0%,+12.0%,+4.0%,31,77.4%,+2.01%,4.82x,22.9,2.0077419354838706
-2.0,0.35,-0.2,0.35,0.0/0.0,-10.0%,+15.0%,+5.0%,22,77.3%,+2.01%,3.90x,26.5,2.0063636363636363
-2.0,0.35,-0.2,0.38,0.0/0.0,-10.0%,+15.0%,+5.0%,22,77.3%,+2.01%,3.90x,26.5,2.0063636363636363
-1.8,0.35,-0.2,0.38,0.0/0.0,-10.0%,+15.0%,+5.0%,22,77.3%,+2.01%,3.90x,26.5,2.0063636363636363
-2.2,0.35,-0.2,0.38,0.0/0.0,-10.0%,+15.0%,+5.0%,22,77.3%,+2.01%,3.90x,26.5,2.0063636363636363
-1.8,0.35,-0.2,0.35,0.0/0.0,-10.0%,+15.0%,+5.0%,22,77.3%,+2.01%,3.90x,26.5,2.0063636363636363
-2.2,0.35,-0.2,0.35,0.0/0.0,-10.0%,+15.0%,+5.0%,22,77.3%,+2.01%,3.90x,26.5,2.0063636363636363
-2.2,0.4,-0.2,0.32,0.0/0.0,-10.0%,+15.0%,+5.0%,17,82.4%,+1.99%,3.31x,27.0,1.9894117647058824
-2.0,0.4,-0.2,0.32,0.0/0.0,-10.0%,+15.0%,+5.0%,17,82.4%,+1.99%,3.31x,27.0,1.9894117647058824
-1.8,0.4,-0.2,0.32,0.0/0.0,-10.0%,+15.0%,+5.0%,17,82.4%,+1.99%,3.31x,27.0,1.9894117647058824
-1.8,0.45,-0.2,0.38,0.0/0.0,-10.0%,+15.0%,+5.0%,19,78.9%,+1.94%,3.70x,25.5,1.9431578947368418
-2.2,0.45,-0.2,0.38,0.0/0.0,-10.0%,+15.0%,+5.0%,19,78.9%,+1.94%,3.70x,25.5,1.9431578947368418
-1.8,0.45,-0.2,0.35,0.0/0.0,-10.0%,+15.0%,+5.0%,19,78.9%,+1.94%,3.70x,25.5,1.9431578947368418
-2.0,0.45,-0.2,0.38,0.0/0.0,-10.0%,+15.0%,+5.0%,19,78.9%,+1.94%,3.70x,25.5,1.9431578947368418
-2.0,0.45,-0.2,0.35,0.0/0.0,-10.0%,+15.0%,+5.0%,19,78.9%,+1.94%,3.70x,25.5,1.9431578947368418
-2.2,0.45,-0.2,0.35,0.0/0.0,-10.0%,+15.0%,+5.0%,19,78.9%,+1.94%,3.70x,25.5,1.9431578947368418
-1.8,0.4,-0.3,0.32,0.0/0.0,-10.0%,+15.0%,+5.0%,29,75.9%,+1.94%,2.40x,25.3,1.9368965517241379
-2.2,0.4,-0.3,0.32,0.0/0.0,-10.0%,+15.0%,+5.0%,29,75.9%,+1.94%,2.40x,25.3,1.9368965517241379
-2.0,0.4,-0.3,0.32,0.0/0.0,-10.0%,+15.0%,+5.0%,29,75.9%,+1.94%,2.40x,25.3,1.9368965517241379
-1.8,0.4,-0.3,0.38,0.0/0.0,-10.0%,+12.0%,+4.0%,36,72.2%,+1.91%,3.39x,22.6,1.905
-2.0,0.4,-0.3,0.38,0.0/0.0,-10.0%,+12.0%,+4.0%,36,72.2%,+1.91%,3.39x,22.6,1.905
-2.2,0.4,-0.3,0.38,0.0/0.0,-10.0%,+12.0%,+4.0%,36,72.2%,+1.91%,3.39x,22.6,1.905
-2.2,0.4,-0.2,0.38,0.0/0.0,-10.0%,+15.0%,+5.0%,20,75.0%,+1.89%,3.48x,26.2,1.891
-2.0,0.4,-0.2,0.35,0.0/0.0,-10.0%,+15.0%,+5.0%,20,75.0%,+1.89%,3.48x,26.2,1.891
-2.2,0.4,-0.2,0.35,0.0/0.0,-10.0%,+15.0%,+5.0%,20,75.0%,+1.89%,3.48x,26.2,1.891
-1.8,0.4,-0.2,0.35,0.0/0.0,-10.0%,+15.0%,+5.0%,20,75.0%,+1.89%,3.48x,26.2,1.891
-1.8,0.4,-0.2,0.38,0.0/0.0,-10.0%,+15.0%,+5.0%,20,75.0%,+1.89%,3.48x,26.2,1.891
-2.0,0.4,-0.2,0.38,0.0/0.0,-10.0%,+15.0%,+5.0%,20,75.0%,+1.89%,3.48x,26.2,1.891
-2.2,0.5,-0.3,0.38,0.0/0.0,-10.0%,+12.0%,+4.0%,27,77.8%,+1.86%,4.41x,22.0,1.8555555555555556
-2.0,0.5,-0.3,0.38,0.0/0.0,-10.0%,+12.0%,+4.0%,27,77.8%,+1.86%,4.41x,22.0,1.8555555555555556
-1.8,0.5,-0.3,0.38,0.0/0.0,-10.0%,+12.0%,+4.0%,27,77.8%,+1.86%,4.41x,22.0,1.8555555555555556
-1.8,0.45,-0.3,0.32,0.0/0.0,-10.0%,+15.0%,+5.0%,24,79.2%,+1.73%,2.49x,25.4,1.7304166666666667
-2.0,0.45,-0.3,0.32,0.0/0.0,-10.0%,+15.0%,+5.0%,24,79.2%,+1.73%,2.49x,25.4,1.7304166666666667
-2.2,0.45,-0.3,0.32,0.0/0.0,-10.0%,+15.0%,+5.0%,24,79.2%,+1.73%,2.49x,25.4,1.7304166666666667
-2.0,0.45,-0.3,0.35,0.0/0.0,-10.0%,+12.0%,+4.0%,27,70.4%,+1.63%,2.57x,24.1,1.6344444444444444
-1.8,0.45,-0.3,0.35,0.0/0.0,-10.0%,+12.0%,+4.0%,27,70.4%,+1.63%,2.57x,24.1,1.6344444444444444
-2.2,0.45,-0.3,0.35,0.0/0.0,-10.0%,+12.0%,+4.0%,27,70.4%,+1.63%,2.57x,24.1,1.6344444444444444
-2.2,0.4,-0.3,0.38,0.0/0.0,-10.0%,+15.0%,+5.0%,36,72.2%,+1.58%,2.14x,24.0,1.5775
-1.8,0.4,-0.3,0.38,0.0/0.0,-10.0%,+15.0%,+5.0%,36,72.2%,+1.58%,2.14x,24.0,1.5775
-2.0,0.4,-0.3,0.38,0.0/0.0,-10.0%,+15.0%,+5.0%,36,72.2%,+1.58%,2.14x,24.0,1.5775
-2.2,0.4,-0.3,0.35,0.0/0.0,-10.0%,+12.0%,+4.0%,32,65.6%,+1.58%,2.25x,23.6,1.5771875
-1.8,0.4,-0.3,0.35,0.0/0.0,-10.0%,+12.0%,+4.0%,32,65.6%,+1.58%,2.25x,23.6,1.5771875
-2.0,0.4,-0.3,0.35,0.0/0.0,-10.0%,+12.0%,+4.0%,32,65.6%,+1.58%,2.25x,23.6,1.5771875
-1.8,0.35,-0.3,0.32,0.0/0.0,-10.0%,+12.0%,+4.0%,31,71.0%,+1.57%,2.12x,23.8,1.5703225806451613
-2.0,0.35,-0.3,0.32,0.0/0.0,-10.0%,+12.0%,+4.0%,31,71.0%,+1.57%,2.12x,23.8,1.5703225806451613
-2.2,0.35,-0.3,0.32,0.0/0.0,-10.0%,+12.0%,+4.0%,31,71.0%,+1.57%,2.12x,23.8,1.5703225806451613
-2.2,0.35,-0.3,0.38,0.0/0.0,-10.0%,+12.0%,+4.0%,39,71.8%,+1.53%,2.36x,22.8,1.5287179487179487
-2.0,0.35,-0.3,0.38,0.0/0.0,-10.0%,+12.0%,+4.0%,39,71.8%,+1.53%,2.36x,22.8,1.5287179487179487
-1.8,0.35,-0.3,0.38,0.0/0.0,-10.0%,+12.0%,+4.0%,39,71.8%,+1.53%,2.36x,22.8,1.5287179487179487
-1.8,0.4,-0.3,0.35,0.0/0.0,-10.0%,+15.0%,+5.0%,32,68.8%,+1.49%,1.90x,24.6,1.4875000000000003
-2.2,0.4,-0.3,0.35,0.0/0.0,-10.0%,+15.0%,+5.0%,32,68.8%,+1.49%,1.90x,24.6,1.4875000000000003
-2.0,0.4,-0.3,0.35,0.0/0.0,-10.0%,+15.0%,+5.0%,32,68.8%,+1.49%,1.90x,24.6,1.4875000000000003
-2.0,0.35,-0.3,0.32,0.0/0.0,-10.0%,+15.0%,+5.0%,31,74.2%,+1.48%,1.83x,24.8,1.477741935483871
-1.8,0.35,-0.3,0.32,0.0/0.0,-10.0%,+15.0%,+5.0%,31,74.2%,+1.48%,1.83x,24.8,1.477741935483871
-2.2,0.35,-0.3,0.32,0.0/0.0,-10.0%,+15.0%,+5.0%,31,74.2%,+1.48%,1.83x,24.8,1.477741935483871
-2.0,0.5,-0.2,0.32,0.0/0.0,-10.0%,+15.0%,+5.0%,13,84.6%,+1.48%,2.47x,24.8,1.476153846153846
-2.2,0.5,-0.2,0.32,0.0/0.0,-10.0%,+15.0%,+5.0%,13,84.6%,+1.48%,2.47x,24.8,1.476153846153846
-1.8,0.5,-0.2,0.32,0.0/0.0,-10.0%,+15.0%,+5.0%,13,84.6%,+1.48%,2.47x,24.8,1.476153846153846
-2.0,0.5,-0.3,0.32,0.0/0.0,-10.0%,+15.0%,+5.0%,20,80.0%,+1.47%,2.12x,24.6,1.4694999999999998
-2.2,0.5,-0.3,0.32,0.0/0.0,-10.0%,+15.0%,+5.0%,20,80.0%,+1.47%,2.12x,24.6,1.4694999999999998
-1.8,0.5,-0.3,0.32,0.0/0.0,-10.0%,+15.0%,+5.0%,20,80.0%,+1.47%,2.12x,24.6,1.4694999999999998
-1.8,0.35,-0.1,0.35,0.0/0.0,-10.0%,+15.0%,+5.0%,14,78.6%,+1.46%,2.37x,21.6,1.4621428571428567
-2.0,0.35,-0.1,0.38,0.0/0.0,-10.0%,+15.0%,+5.0%,14,78.6%,+1.46%,2.37x,21.6,1.4621428571428567
-2.0,0.35,-0.1,0.35,0.0/0.0,-10.0%,+15.0%,+5.0%,14,78.6%,+1.46%,2.37x,21.6,1.4621428571428567
-1.8,0.35,-0.1,0.38,0.0/0.0,-10.0%,+15.0%,+5.0%,14,78.6%,+1.46%,2.37x,21.6,1.4621428571428567
-2.2,0.35,-0.1,0.35,0.0/0.0,-10.0%,+15.0%,+5.0%,14,78.6%,+1.46%,2.37x,21.6,1.4621428571428567
-2.2,0.35,-0.1,0.38,0.0/0.0,-10.0%,+15.0%,+5.0%,14,78.6%,+1.46%,2.37x,21.6,1.4621428571428567
-1.8,0.5,-0.2,0.38,0.0/0.0,-10.0%,+15.0%,+5.0%,16,75.0%,+1.45%,2.70x,24.2,1.449375
-1.8,0.5,-0.2,0.35,0.0/0.0,-10.0%,+15.0%,+5.0%,16,75.0%,+1.45%,2.70x,24.2,1.449375
-2.2,0.5,-0.2,0.38,0.0/0.0,-10.0%,+15.0%,+5.0%,16,75.0%,+1.45%,2.70x,24.2,1.449375
-2.2,0.5,-0.2,0.35,0.0/0.0,-10.0%,+15.0%,+5.0%,16,75.0%,+1.45%,2.70x,24.2,1.449375
-2.0,0.5,-0.2,0.38,0.0/0.0,-10.0%,+15.0%,+5.0%,16,75.0%,+1.45%,2.70x,24.2,1.449375
-2.0,0.5,-0.2,0.35,0.0/0.0,-10.0%,+15.0%,+5.0%,16,75.0%,+1.45%,2.70x,24.2,1.449375
-2.2,0.5,-0.3,0.35,0.0/0.0,-10.0%,+12.0%,+4.0%,23,69.6%,+1.39%,2.21x,23.3,1.3908695652173912
-1.8,0.5,-0.3,0.35,0.0/0.0,-10.0%,+12.0%,+4.0%,23,69.6%,+1.39%,2.21x,23.3,1.3908695652173912
-2.0,0.5,-0.3,0.35,0.0/0.0,-10.0%,+12.0%,+4.0%,23,69.6%,+1.39%,2.21x,23.3,1.3908695652173912
-1.8,0.35,-0.1,0.32,0.0/0.0,-10.0%,+15.0%,+5.0%,12,83.3%,+1.36%,2.13x,23.3,1.3624999999999998
-2.2,0.35,-0.1,0.32,0.0/0.0,-10.0%,+15.0%,+5.0%,12,83.3%,+1.36%,2.13x,23.3,1.3624999999999998
-2.0,0.35,-0.1,0.32,0.0/0.0,-10.0%,+15.0%,+5.0%,12,83.3%,+1.36%,2.13x,23.3,1.3624999999999998
-1.8,0.45,-0.3,0.38,0.0/0.0,-10.0%,+15.0%,+5.0%,31,74.2%,+1.36%,2.13x,23.8,1.3596774193548387
-2.0,0.45,-0.3,0.38,0.0/0.0,-10.0%,+15.0%,+5.0%,31,74.2%,+1.36%,2.13x,23.8,1.3596774193548387
-2.2,0.45,-0.3,0.38,0.0/0.0,-10.0%,+15.0%,+5.0%,31,74.2%,+1.36%,2.13x,23.8,1.3596774193548387
-1.8,0.35,-0.3,0.38,0.0/0.0,-10.0%,+15.0%,+5.0%,39,71.8%,+1.23%,1.74x,24.1,1.2264102564102566
-2.0,0.35,-0.3,0.38,0.0/0.0,-10.0%,+15.0%,+5.0%,39,71.8%,+1.23%,1.74x,24.1,1.2264102564102566
-2.2,0.35,-0.3,0.38,0.0/0.0,-10.0%,+15.0%,+5.0%,39,71.8%,+1.23%,1.74x,24.1,1.2264102564102566
-2.0,0.45,-0.1,0.35,0.0/0.0,-10.0%,+15.0%,+5.0%,12,83.3%,+1.22%,2.09x,20.6,1.2208333333333334
-1.8,0.45,-0.1,0.35,0.0/0.0,-10.0%,+15.0%,+5.0%,12,83.3%,+1.22%,2.09x,20.6,1.2208333333333334
-2.0,0.45,-0.1,0.38,0.0/0.0,-10.0%,+15.0%,+5.0%,12,83.3%,+1.22%,2.09x,20.6,1.2208333333333334
-2.2,0.45,-0.1,0.35,0.0/0.0,-10.0%,+15.0%,+5.0%,12,83.3%,+1.22%,2.09x,20.6,1.2208333333333334
-1.8,0.45,-0.1,0.38,0.0/0.0,-10.0%,+15.0%,+5.0%,12,83.3%,+1.22%,2.09x,20.6,1.2208333333333334
-2.2,0.45,-0.1,0.38,0.0/0.0,-10.0%,+15.0%,+5.0%,12,83.3%,+1.22%,2.09x,20.6,1.2208333333333334
-1.8,0.45,-0.3,0.35,0.0/0.0,-10.0%,+15.0%,+5.0%,27,70.4%,+1.22%,1.82x,24.4,1.2207407407407407
-2.2,0.45,-0.3,0.35,0.0/0.0,-10.0%,+15.0%,+5.0%,27,70.4%,+1.22%,1.82x,24.4,1.2207407407407407
-2.0,0.45,-0.3,0.35,0.0/0.0,-10.0%,+15.0%,+5.0%,27,70.4%,+1.22%,1.82x,24.4,1.2207407407407407
-2.2,0.4,-0.1,0.38,0.0/0.0,-10.0%,+15.0%,+5.0%,13,76.9%,+1.20%,2.04x,22.0,1.1961538461538461
-2.2,0.4,-0.1,0.35,0.0/0.0,-10.0%,+15.0%,+5.0%,13,76.9%,+1.20%,2.04x,22.0,1.1961538461538461
-1.8,0.4,-0.1,0.35,0.0/0.0,-10.0%,+15.0%,+5.0%,13,76.9%,+1.20%,2.04x,22.0,1.1961538461538461
-1.8,0.4,-0.1,0.38,0.0/0.0,-10.0%,+15.0%,+5.0%,13,76.9%,+1.20%,2.04x,22.0,1.1961538461538461
-2.0,0.4,-0.1,0.38,0.0/0.0,-10.0%,+15.0%,+5.0%,13,76.9%,+1.20%,2.04x,22.0,1.1961538461538461
-2.0,0.4,-0.1,0.35,0.0/0.0,-10.0%,+15.0%,+5.0%,13,76.9%,+1.20%,2.04x,22.0,1.1961538461538461
-1.8,0.35,-0.3,0.35,0.0/0.0,-10.0%,+12.0%,+4.0%,35,65.7%,+1.19%,1.74x,23.7,1.1860000000000002
-2.0,0.35,-0.3,0.35,0.0/0.0,-10.0%,+12.0%,+4.0%,35,65.7%,+1.19%,1.74x,23.7,1.1860000000000002
-2.2,0.35,-0.3,0.35,0.0/0.0,-10.0%,+12.0%,+4.0%,35,65.7%,+1.19%,1.74x,23.7,1.1860000000000002
-2.2,0.5,-0.3,0.38,0.0/0.0,-10.0%,+15.0%,+5.0%,27,74.1%,+1.11%,1.84x,23.0,1.1114814814814815
-2.0,0.5,-0.3,0.38,0.0/0.0,-10.0%,+15.0%,+5.0%,27,74.1%,+1.11%,1.84x,23.0,1.1114814814814815
-1.8,0.5,-0.3,0.38,0.0/0.0,-10.0%,+15.0%,+5.0%,27,74.1%,+1.11%,1.84x,23.0,1.1114814814814815
-1.8,0.35,-0.3,0.35,0.0/0.0,-10.0%,+15.0%,+5.0%,35,68.6%,+1.10%,1.57x,24.6,1.104
-2.2,0.35,-0.3,0.35,0.0/0.0,-10.0%,+15.0%,+5.0%,35,68.6%,+1.10%,1.57x,24.6,1.104
-2.0,0.35,-0.3,0.35,0.0/0.0,-10.0%,+15.0%,+5.0%,35,68.6%,+1.10%,1.57x,24.6,1.104
-2.2,0.5,-0.3,0.35,0.0/0.0,-10.0%,+15.0%,+5.0%,23,69.6%,+0.91%,1.54x,23.7,0.9052173913043476
-2.0,0.5,-0.3,0.35,0.0/0.0,-10.0%,+15.0%,+5.0%,23,69.6%,+0.91%,1.54x,23.7,0.9052173913043476
-1.8,0.5,-0.3,0.35,0.0/0.0,-10.0%,+15.0%,+5.0%,23,69.6%,+0.91%,1.54x,23.7,0.9052173913043476
