symbol,trough_date,is_missed,fired_signals,pnl_causal,duration_causal,exit_date_causal,exit_reason_causal,pnl_oracle,duration_oracle,exit_date_oracle
ADANIENT,2026-01-27,True,[],6.49220434150497,13,2026-02-16,ExitReason.PRT_ST_CROSS,12.44297388078408,14,2026-02-17
ADANIENT,2026-03-24,True,[],61.57108025018552,46,2026-06-05,End of Data (Open Trade),,0,
ADANIPORTS,2026-01-19,True,[],13.337233109096225,21,2026-02-19,ExitReason.STRUCTURAL_CLIMAX,14.529102076630608,19,2026-02-17
ADANIPORTS,2026-03-23,False,"[{'date': '2026-03-27', 'tag': 'SavgolCTS Trend-Pullback', 'intensity': np.int64(75)}]",35.708971879184645,47,2026-06-05,End of Data (Open Trade),34.987353072459456,44,2026-06-02
APOLLOHOSP,2026-01-28,True,[],13.218644317012206,24,2026-03-05,ExitReason.CWC_SLOPE_EARLY_RELEASE,14.564034700779294,22,2026-03-02
APOLLOHOSP,2026-03-30,True,[],5.194716309629732,14,2026-04-23,ExitReason.PRT_ST_CROSS,,0,
ASIANPAINT,2026-03-23,True,[],11.62224326884047,21,2026-04-28,ExitReason.ST_CROSS,,0,
AXISBANK,2026-03-23,True,[],14.781587993627898,19,2026-04-24,ExitReason.CWC_SLOPE_EARLY_RELEASE,14.831894021966963,18,2026-04-23
AXISBANK,2026-05-20,True,[],1.5159977658980361,10,2026-06-05,End of Data (Open Trade),,0,
BAJAJ-AUTO,2026-03-23,True,[],7.8894133513149,19,2026-04-24,ExitReason.ST_CROSS,18.56035064059338,38,2026-05-22
BAJFINANCE,2026-01-27,False,"[{'date': '2026-01-30', 'tag': 'SavgolCTS Trend-Pullback', 'intensity': np.int64(75)}]",8.49061647863978,15,2026-02-18,ExitReason.ST_CROSS,10.164144789605945,17,2026-02-20
BAJFINANCE,2026-03-25,False,"[{'date': '2026-03-24', 'tag': 'SavgolCTS Universal-Cross', 'intensity': np.int64(69)}]",8.971320218061152,14,2026-04-21,ExitReason.ST_CROSS,9.463142924863721,19,2026-04-28
BAJAJFINSV,2026-01-27,True,[],5.396072772251714,14,2026-02-17,ExitReason.ST_CROSS,6.200072153790659,15,2026-02-18
BAJAJFINSV,2026-03-27,True,[],9.860276994729755,16,2026-04-24,ExitReason.ST_CROSS,8.60399558769458,17,2026-04-27
BEL,2025-12-18,True,[],5.358279241440744,20,2026-01-20,ExitReason.ST_CROSS,19.243986254295532,51,2026-03-06
BEL,2026-03-27,False,"[{'date': '2026-03-25', 'tag': 'SavgolCTS CDVL-CTS', 'intensity': np.int64(65)}]",12.517159615624628,14,2026-04-22,ExitReason.PRT_ST_CROSS,12.30500436790216,15,2026-04-23
BHARTIARTL,2026-03-20,True,[],2.294114371624234,15,2026-04-17,ExitReason.PRT_ST_CROSS,,0,
CIPLA,2026-04-07,False,"[{'date': '2026-04-02', 'tag': 'SavgolCTS Universal-Cross', 'intensity': np.int64(71)}]",10.782136688872423,21,2026-05-11,ExitReason.PRT_ST_CROSS,16.63788140472078,33,2026-05-27
COALINDIA,2025-12-03,True,[],1.4114232950797945,10,2025-12-18,ExitReason.CWC_SLOPE_EARLY_RELEASE,20.4062788550323,102,2026-05-08
DRREDDY,2026-01-21,True,[],3.490759753593431,11,2026-02-09,ExitReason.ST_CROSS,8.870636550307998,32,2026-03-11
DRREDDY,2026-04-07,True,[],9.879133792177264,19,2026-05-07,ExitReason.ST_CROSS,9.417492026187668,24,2026-05-14
EICHERMOT,2026-01-28,True,[],9.190108410685195,24,2026-03-05,ExitReason.STRUCTURAL_CLIMAX,12.364486643520166,18,2026-02-24
EICHERMOT,2026-03-25,True,[],3.7803714306687164,42,2026-06-02,ExitReason.PRT_ST_CROSS,5.549438449680677,20,2026-04-29
ETERNAL,2026-03-17,True,[],6.168054753855046,24,2026-04-27,ExitReason.ST_CROSS,4.341551908963481,25,2026-04-28
ETERNAL,2026-05-18,True,[],-1.278265442336468,9,2026-06-02,ExitReason.ST_CROSS,,0,
GRASIM,2026-03-20,True,[],9.51760104302477,17,2026-04-21,ExitReason.ST_CROSS,,0,
HCLTECH,2026-03-13,False,"[{'date': '2026-03-09', 'tag': 'SavgolCTS Universal-Cross', 'intensity': np.int64(58)}]",-0.15806111696522462,2,2026-03-18,ExitReason.ST_CROSS,10.258919163028768,15,2026-04-09
HCLTECH,2026-05-12,True,[],1.005948215535346,16,2026-06-05,ExitReason.CTS_NEAR_MISS_ROLLOVER,,0,
HDFCBANK,2026-04-02,True,[],3.138780804150465,10,2026-04-21,ExitReason.PRT_ST_CROSS,,0,
HDFCLIFE,2026-04-02,True,[],4.100620261888355,12,2026-04-23,ExitReason.ST_CROSS,,0,
HINDALCO,2026-03-23,False,"[{'date': '2026-03-24', 'tag': 'SavgolCTS CDVL-CTS', 'intensity': np.int64(74)}]",20.189551278301067,30,2026-05-12,ExitReason.STRUCTURAL_CLIMAX,22.3658807699058,26,2026-05-06
HINDUNILVR,2025-12-19,False,"[{'date': '2025-12-19', 'tag': 'SavgolCTS Trend-Pullback', 'intensity': np.int64(75)}]",3.1666302686176095,14,2026-01-12,ExitReason.PRT_ST_CROSS,2.961345271893445,27,2026-02-02
HINDUNILVR,2026-03-30,True,[],11.977527001501432,19,2026-04-30,ExitReason.ST_CROSS,12.723398072359204,21,2026-05-05
ICICIBANK,2025-12-22,True,[],2.7879677182685247,32,2026-02-10,ExitReason.PRT_ST_CROSS,3.264856933235505,37,2026-02-17
ICICIBANK,2026-03-24,True,[],7.041359053742968,17,2026-04-23,ExitReason.PRT_ST_CROSS,7.0096054616178405,17,2026-04-23
ICICIBANK,2026-05-21,True,[],-0.17400933322787582,9,2026-06-05,End of Data (Open Trade),,0,
ITC,2026-03-27,True,[],5.54396941258255,17,2026-04-27,ExitReason.ST_CROSS,4.518595759471666,27,2026-05-12
INFY,2026-05-12,True,[],3.374588193393291,10,2026-05-27,ExitReason.PRT_ST_CROSS,,0,
INDIGO,2026-01-23,True,[],3.3550010484378223,14,2026-02-16,ExitReason.PRT_ST_CROSS,4.361501362969178,15,2026-02-17
INDIGO,2026-03-20,True,[],18.490355613007893,18,2026-04-22,ExitReason.ST_CROSS,15.479177755810714,19,2026-04-23
INDIGO,2026-05-13,True,[],3.258965074173581,12,2026-06-02,ExitReason.PRT_ST_CROSS,,0,
JSWSTEEL,2025-12-17,True,[],7.189059323600078,16,2026-01-12,ExitReason.ST_CROSS,14.627610423211967,44,2026-02-23
JSWSTEEL,2026-03-24,True,[],9.039792387543244,24,2026-05-05,ExitReason.ST_CROSS,9.221453287197235,28,2026-05-11
JIOFIN,2026-03-20,True,[],4.3785935426802425,3,2026-03-27,ExitReason.CTS_NEAR_MISS_ROLLOVER,10.92879256965944,22,2026-04-28
KOTAKBANK,2026-03-25,True,[],1.0651372388365443,16,2026-04-23,ExitReason.ST_CROSS,6.145022531749289,38,2026-05-26
LT,2026-01-23,True,[],3.6010349015259457,26,2026-03-05,ExitReason.SUPPRESSED_EXIT,16.64026611753524,19,2026-02-23
LT,2026-03-20,False,"[{'date': '2026-03-23', 'tag': 'SavgolCTS Flow-Momentum', 'intensity': np.int64(80)}]",21.40976543800861,21,2026-04-27,ExitReason.CWC_SLOPE_EARLY_RELEASE,20.102321685016754,20,2026-04-24
M&M,2026-03-23,True,[],5.796193052485732,15,2026-04-20,ExitReason.ST_CROSS,1.873783525220185,21,2026-04-28
MARUTI,2026-03-23,True,[],6.707317073170738,14,2026-04-17,ExitReason.ST_CROSS,3.433889602053908,21,2026-04-28
MAXHEALTH,2026-01-27,True,[],5.414145629042344,9,2026-02-10,ExitReason.PRT_ST_CROSS,13.331942416023379,19,2026-02-24
MAXHEALTH,2026-04-01,True,[],6.918272284564897,14,2026-04-24,ExitReason.PRT_ST_CROSS,11.110522972686843,27,2026-05-14
NTPC,2025-12-15,True,[],5.576323987538934,20,2026-01-14,ExitReason.ST_CROSS,25.015576323987542,88,2026-04-29
NESTLEIND,2026-03-27,True,[],5.124276472591083,9,2026-04-15,ExitReason.ST_CROSS,26.140619679945544,26,2026-05-11
ONGC,2025-12-24,True,[],-0.9551016927471956,10,2026-01-09,ExitReason.CTS_NEAR_MISS_ROLLOVER,25.570289515200617,89,2026-05-12
POWERGRID,2026-01-16,True,[],14.884533281583545,30,2026-03-04,ExitReason.CWC_SLOPE_EARLY_RELEASE,23.811372016301192,65,2026-04-28
RELIANCE,2026-04-13,False,"[{'date': '2026-04-10', 'tag': 'SavgolCTS Universal-Cross', 'intensity': np.int64(59)}]",1.0341492448478595,9,2026-04-28,ExitReason.CTS_NEAR_MISS_ROLLOVER,6.852168737445141,15,2026-05-07
SBILIFE,2026-05-07,True,[],-2.7829709951391446,3,2026-05-13,ExitReason.CTS_NEAR_MISS_ROLLOVER,,0,
SHRIRAMFIN,2026-03-27,True,[],17.188395826166712,11,2026-04-17,ExitReason.ST_CROSS,15.961472308221536,16,2026-04-24
SHRIRAMFIN,2026-06-04,True,[],0.0,0,2026-06-05,End of Data (Open Trade),,0,
SBIN,2026-03-27,True,[],-0.1735756585664605,44,2026-06-05,End of Data (Open Trade),12.425975086787822,16,2026-04-24
SBIN,2026-05-29,False,"[{'date': '2026-05-22', 'tag': 'SavgolCTS Trend-Pullback', 'intensity': np.int64(75)}]",2.473535268839755,4,2026-06-05,End of Data (Open Trade),,0,
SUNPHARMA,2026-01-29,True,[],6.406318560772273,11,2026-02-16,ExitReason.ST_CROSS,12.931736977371022,29,2026-03-13
SUNPHARMA,2026-04-16,True,[],9.221128021486113,26,2026-05-26,ExitReason.CTS_NEAR_MISS_ROLLOVER,12.342584303193082,21,2026-05-19
TCS,2026-03-23,True,[],7.849758212439539,15,2026-04-20,ExitReason.ST_CROSS,5.823745205936293,17,2026-04-22
TCS,2026-06-03,True,[],-1.8786256135653656,1,2026-06-05,End of Data (Open Trade),,0,
TATACONSUM,2026-03-30,False,"[{'date': '2026-03-20', 'tag': 'SavgolCTS Trend-Pullback', 'intensity': np.int64(75)}]",12.101973041609693,18,2026-04-29,ExitReason.PRT_ST_CROSS,20.531353780035168,29,2026-05-15
TMPV,2026-01-21,True,[],4.563777713792105,27,2026-03-04,ExitReason.CWVAP_EXHAUSTION,10.23610711200691,18,2026-02-18
TMPV,2026-03-23,True,[],15.665167095115674,18,2026-04-23,ExitReason.PRT_ST_CROSS,13.86568123393317,20,2026-04-27
TATASTEEL,2025-12-10,True,[],11.726169010698406,28,2026-01-22,ExitReason.STRUCTURAL_CLIMAX,25.09917057338622,49,2026-02-23
TATASTEEL,2026-03-19,True,[],8.019515169995417,26,2026-05-04,ExitReason.CWC_SLOPE_EARLY_RELEASE,9.503481221730947,28,2026-05-06
TECHM,2026-03-11,False,"[{'date': '2026-03-06', 'tag': 'SavgolCTS Universal-Cross', 'intensity': np.int64(64)}]",8.416061638761319,25,2026-04-22,ExitReason.CTS_NEAR_MISS_ROLLOVER,5.311898058971698,26,2026-04-23
TITAN,2026-03-19,True,[],7.629182291920311,24,2026-04-29,ExitReason.CWVAP_EXHAUSTION,8.52043052646958,20,2026-04-23
TITAN,2026-05-29,True,[],5.853997912836051,4,2026-06-05,End of Data (Open Trade),,0,
TRENT,2026-01-23,True,[],9.928592131959624,16,2026-02-18,ExitReason.ST_CROSS,9.928592131959624,15,2026-02-17
TRENT,2026-03-20,True,[],23.18646289510533,25,2026-05-04,ExitReason.ST_CROSS,26.728632287663466,22,2026-04-28
ULTRACEMCO,2025-12-15,True,[],2.9666897987508767,18,2026-01-12,ExitReason.PRT_ST_CROSS,12.604094378903529,41,2026-02-16
ULTRACEMCO,2026-03-23,True,[],11.603493125232255,17,2026-04-22,ExitReason.ST_CROSS,9.782608695652172,21,2026-04-28
WIPRO,2026-03-20,False,"[{'date': '2026-03-19', 'tag': 'SavgolCTS SpringBoard', 'intensity': np.int64(63)}]",8.243574704063139,17,2026-04-21,ExitReason.ST_CROSS,8.776794283886113,18,2026-04-22
WIPRO,2026-05-11,True,[],1.0286437727488718,17,2026-06-05,ExitReason.ST_CROSS,,0,
